{"cameraMode":{"drawMode":0,"name":"Shaded","section":"Shading Mode"},"sceneLighting":true,"audioPlay":false,"sceneViewState":{"showFog":true,"showMaterialUpdate":false,"showSkybox":true,"showFlares":true,"showImageEffects":true,"showParticleSystems":true},"in2DMode":false,"pivot":{"x":1.3977813720703126,"y":-7.587270736694336,"z":11.28730583190918},"rotation":{"x":-0.3313833475112915,"y":0.6271779537200928,"z":-0.3351822793483734,"w":-0.6200716495513916},"size":28.64377212524414,"orthographic":true}